Type,Name,Request Count,Failure Count,Median Response Time,Average Response Time,Min Response Time,Max Response Time,Average Content Size,Requests/s,Failures/s,50%,66%,75%,80%,90%,95%,98%,99%,99.9%,99.99%,100%
POST,Fraud,5449,5449,22,22.258424200181683,1.915499975439161,88.82125001400709,0.0,2715.2178518370233,2715.2178518370233,22,25,28,29,33,37,50,56,88,89,89
,Aggregated,5449,5449,22,22.258424200181683,1.915499975439161,88.82125001400709,0.0,2715.2178518370233,2715.2178518370233,22,25,28,29,33,37,50,56,88,89,89
